{
  "low": 0.4561536805409999,
  "mid": 0.6537,
  "high": 0.693966,
  "alpha": 0.01
}